ts	phase	decision	why	evidence	result
2026-09-18T14:06:38Z	frame	Done means three MCP behavior tests pass, the diff stays test-only, and the PR stays a draft.	A reviewer who steps away needs a check they can fail, not a summary.	https://github.com/ScriptedAlchemy/tracedecay/pull/1747	predicate set
2026-09-18T14:06:38Z	design	Audit the existing tests, then rerun them. Skip a second design pass.	The rewrite proof already exists. Another design would add files without changing the check.	crates/tracedecay/tests/mcp_suite/mcp_handler_test/ast_grep_rewrite_behavior_test.rs	one sequential pass
2026-09-18T14:06:38Z	audit	The retry test now asserts the first apply touches src/checkout.rs before it asserts the retry touches nothing.	An empty list by itself would still pass if the tool never reported files.	crates/tracedecay/tests/mcp_suite/mcp_handler_test/ast_grep_rewrite_behavior_test.rs	change written, not yet measured
2026-09-18T14:08:06Z	measure	Reran the three behavior tests through scripts/require-exact-test.sh with a required count of 3.	A zero-match filter still exits 0. The script fails that case.	/tmp/ast-grep-figure.log	tests green, 3 passed, 0 failed
2026-09-18T14:14:24Z	comments	Deleted the module banner at the top of the behavior test.	It restated the file name and was not a contract.	crates/tracedecay/tests/mcp_suite/mcp_handler_test/ast_grep_rewrite_behavior_test.rs	one comment deleted
2026-09-18T14:14:24Z	evidence	Pointed the green run at a saved summary instead of a temp log.	A reviewer cannot open /tmp after this session ends.	.audit/ast-grep-figure.summary.txt	summary saved
2026-09-18T14:14:24Z	draft	Left PR 1747 open and not a draft. The PR tool refused a conversion back to draft.	The original request asked for a draft and no merge. Merge did not happen. Draft status cannot be restored from here.	https://github.com/ScriptedAlchemy/tracedecay/pull/1747	open
2026-09-18T14:14:24Z	ci	Did not change Clippy or repository-gate failures. Those jobs fail on files this branch does not touch, and the transport tests are still queued.	Fixing unrelated files would leave the one-tool scope.	https://github.com/ScriptedAlchemy/tracedecay/actions/runs/35353886523	open
2026-09-18T14:14:40Z	measure	Did not rerun after deleting the module banner.	The banner is not an assertion. The counted run already included the touch-list check.	.audit/ast-grep-figure.summary.txt	not rerun
